{
    "num_bands": 3,
    "mean": [
        98.14516618738405,
        103.15494248608535,
        102.21661043599258
    ],
    "std": [
        52.20617556728759,
        48.789353580355,
        45.49409870803774
    ],
    "class_weights": [
        1.4222778260019158
    ],
    "fingerprint": [
        [
            "0000000001.tif",
            1752550791.879403
        ],
        [
            "0000000002.tif",
            1752550791.893987
        ],
        [
            "0000000003.tif",
            1752550791.9061148
        ],
        [
            "0000000004.tif",
            1752550791.920578
        ],
        [
            "0000000005.tif",
            1752550791.9345348
        ],
        [
            "0000000006.tif",
            1752550791.9480014
        ],
        [
            "0000000007.tif",
            1752550791.9614625
        ],
        [
            "0000000008.tif",
            1752550791.9739275
        ],
        [
            "0000000009.tif",
            1752550791.986392
        ],
        [
            "0000000010.tif",
            1752550791.9999027
        ],
        [
            "0000000011.tif",
            1752550792.0133638
        ],
        [
            "0000000012.tif",
            1752550792.025919
        ],
        [
            "0000000013.tif",
            1752550792.0415184
        ],
        [
            "0000000014.tif",
            1752550792.0539942
        ],
        [
            "0000000015.tif",
            1752550792.065956
        ],
        [
            "0000000016.tif",
            1752550792.0794432
        ],
        [
            "0000000017.tif",
            1752550792.0924237
        ],
        [
            "0000000018.tif",
            1752550792.106885
        ],
        [
            "0000000019.tif",
            1752550792.1193497
        ],
        [
            "0000000020.tif",
            1752550792.1324842
        ],
        [
            "0000000021.tif",
            1752550792.1459575
        ],
        [
            "0000000022.tif",
            1752550792.1594315
        ],
        [
            "0000000023.tif",
            1752550792.1724534
        ],
        [
            "0000000024.tif",
            1752550792.1864057
        ],
        [
            "0000000025.tif",
            1752550792.198388
        ],
        [
            "0000000026.tif",
            1752550792.2128496
        ],
        [
            "0000000027.tif",
            1752550792.2253177
        ],
        [
            "0000000028.tif",
            1752550792.2392013
        ],
        [
            "0000000029.tif",
            1752550792.2536626
        ],
        [
            "0000000030.tif",
            1752550792.2666206
        ],
        [
            "0000000031.tif",
            1752550792.2800817
        ],
        [
            "0000000032.tif",
            1752550792.2930622
        ],
        [
            "0000000033.tif",
            1752550792.307205
        ],
        [
            "0000000034.tif",
            1752550792.3206682
        ],
        [
            "0000000035.tif",
            1752550792.3336265
        ],
        [
            "0000000036.tif",
            1752550792.3483891
        ],
        [
            "0000000037.tif",
            1752550792.3618603
        ],
        [
            "0000000038.tif",
            1752550792.375335
        ],
        [
            "0000000039.tif",
            1752550792.38781
        ],
        [
            "0000000040.tif",
            1752550792.4002843
        ],
        [
            "0000000041.tif",
            1752550792.4137506
        ],
        [
            "0000000042.tif",
            1752550792.427212
        ],
        [
            "0000000043.tif",
            1752550792.440678
        ],
        [
            "0000000044.tif",
            1752550792.4546125
        ]
    ]
}